id,nombre,apellido,email,genero,profesion,usuario,nacionalidad
0,Maurita,Feander,mfeander0@telegraph.co.uk,F,Research Nurse,mfeander0,Somali
3,Mavra,Swanwick,mswanwick3@mashable.com,F,GIS Technical Architect,mswanwick3,Malagasy
6,Kimberley,Siseland,ksiseland6@sakura.ne.jp,F,VP Product Management,ksiseland6,Kurdish
9,Brynn,Finkle,bfinkle9@fema.gov,F,Assistant Professor,bfinkle9,Malagasy
10,Carolin,Anney,canneya@networkadvertising.org,F,Professor,canneya,Korean
11,Dannye,McKinney,dmckinneyb@myspace.com,F,Programmer Analyst I,dmckinneyb,Khmer
12,Klarika,Daelman,kdaelmanc@blogger.com,F,Research Associate,kdaelmanc,Latvian
13,Trula,Fines,tfinesd@salon.com,F,Compensation Analyst,tfinesd,German
14,Rayna,Mayfield,rmayfielde@bloglovin.com,F,Assistant Manager,rmayfielde,Belarusian
15,Reta,Hunting,rhuntingf@jiathis.com,F,Geological Engineer,rhuntingf,Arabic
17,Felita,Farquharson,ffarquharsonh@china.com.cn,F,Tax Accountant,ffarquharsonh,Kurdish
20,Karel,Kimbly,kkimblyk@google.cn,F,Software Engineer II,kkimblyk,Ndebele
25,Orelie,Tiffney,otiffneyp@spotify.com,F,Compensation Analyst,otiffneyp,Catalan
27,Adelle,Sciacovelli,asciacovellir@apache.org,F,Marketing Assistant,asciacovellir,Tsonga
28,Dalia,Diwell,ddiwells@state.gov,F,Product Engineer,ddiwells,Lithuanian
29,Hannis,Merrington,hmerringtont@reuters.com,F,Analyst Programmer,hmerringtont,Albanian
31,Charla,MacCrachen,cmaccrachenv@homestead.com,F,Assistant Manager,cmaccrachenv,Latvian
34,Mab,Frie,mfriey@jimdo.com,F,Software Consultant,mfriey,English
37,Katheryn,Iacovides,kiacovides11@shinystat.com,F,Professor,kiacovides11,Dzongkha
38,Imelda,Yarnell,iyarnell12@zdnet.com,F,Human Resources Assistant II,iyarnell12,Malagasy
39,Octavia,Inkpin,oinkpin13@webs.com,F,Systems Administrator II,oinkpin13,Mongolian
40,Bryana,Pochet,bpochet14@cbc.ca,F,Executive Secretary,bpochet14,Azeri
46,Lacey,Lincey,llincey1a@ucoz.com,F,Account Executive,llincey1a,Luxembourgish
47,Paule,Brodhead,pbrodhead1b@reverbnation.com,F,Librarian,pbrodhead1b,Bosnian
48,Janifer,Boulsher,jboulsher1c@over-blog.com,F,Sales Associate,jboulsher1c,Finnish
50,Katharina,Raimbauld,kraimbauld1e@gov.uk,F,Administrative Assistant IV,kraimbauld1e,Greek
51,Valery,Pridden,vpridden1f@quantcast.com,F,Financial Advisor,vpridden1f,Northern Sotho
52,Celle,Sykora,csykora1g@noaa.gov,F,Internal Auditor,csykora1g,Pashto
56,Elvera,Ditty,editty1k@mayoclinic.com,F,Quality Control Specialist,editty1k,Swati
59,Opalina,Cissell,ocissell1n@archive.org,F,Senior Cost Accountant,ocissell1n,Latvian
60,Mufi,Hewell,mhewell1o@gov.uk,F,Recruiter,mhewell1o,Belarusian
63,Brianne,Beckenham,bbeckenham1r@timesonline.co.uk,F,Registered Nurse,bbeckenham1r,Czech
69,Cecily,Gownge,cgownge1x@businessinsider.com,F,Sales Representative,cgownge1x,Guaraní
73,Layla,Fulham,lfulham21@phpbb.com,F,Project Manager,lfulham21,Māori
75,Linea,Swinden,lswinden23@last.fm,F,Assistant Manager,lswinden23,Maltese
76,Glennis,Oglevie,goglevie24@xing.com,F,VP Accounting,goglevie24,Burmese
79,Stacy,Goater,sgoater27@netvibes.com,F,Analyst Programmer,sgoater27,Aymara
80,Tally,Awton,tawton28@berkeley.edu,F,Data Coordiator,tawton28,Spanish
81,Sherry,Huchot,shuchot29@cmu.edu,F,Research Assistant III,shuchot29,Khmer
83,Katharyn,McNern,kmcnern2b@acquirethisname.com,F,Database Administrator III,kmcnern2b,New Zealand Sign Language
84,Else,Hatherley,ehatherley2c@skype.com,F,VP Accounting,ehatherley2c,Greek
86,Terri-jo,Nunns,tnunns2e@geocities.com,F,Sales Representative,tnunns2e,Moldovan
91,Cathrin,Delepine,cdelepine2j@apache.org,F,Staff Accountant III,cdelepine2j,Pashto
93,Kayla,Sartin,ksartin2l@weebly.com,F,Analog Circuit Design manager,ksartin2l,Indonesian
94,Celestina,Pickerill,cpickerill2m@nymag.com,F,Marketing Assistant,cpickerill2m,Tamil
96,Cammie,Guilloux,cguilloux2o@ucla.edu,F,Senior Developer,cguilloux2o,Tok Pisin
97,Rois,Canero,rcanero2p@youku.com,F,Programmer Analyst I,rcanero2p,Telugu
98,Almira,Linton,alinton2q@deviantart.com,F,Actuary,alinton2q,Malayalam
100,Carmine,McIllroy,cmcillroy2s@craigslist.org,F,Assistant Manager,cmcillroy2s,Danish
101,Laurena,Donisthorpe,ldonisthorpe2t@unesco.org,F,Internal Auditor,ldonisthorpe2t,Swahili
102,Jolyn,Shanahan,jshanahan2u@sina.com.cn,F,Software Consultant,jshanahan2u,Papiamento
104,Carena,Francklyn,cfrancklyn2w@godaddy.com,F,Software Consultant,cfrancklyn2w,Bislama
105,Jacklyn,Cawkwell,jcawkwell2x@dailymail.co.uk,F,Chief Design Engineer,jcawkwell2x,Romanian
106,Rebecka,Botte,rbotte2y@deliciousdays.com,F,VP Marketing,rbotte2y,Korean
107,Meridith,Dallyn,mdallyn2z@zimbio.com,F,Computer Systems Analyst IV,mdallyn2z,Swahili
110,Rosalia,Youngman,ryoungman32@fema.gov,F,Automation Specialist I,ryoungman32,Filipino
113,Jacqui,Tilt,jtilt35@digg.com,F,Sales Representative,jtilt35,Tok Pisin
114,Ginni,Brockest,gbrockest36@msn.com,F,Director of Sales,gbrockest36,Tajik
115,Pamelina,Youel,pyouel37@ning.com,F,Registered Nurse,pyouel37,Moldovan
118,Aloise,Bodley,abodley3a@statcounter.com,F,Professor,abodley3a,Montenegrin
119,Brit,Gormally,bgormally3b@opensource.org,F,Analog Circuit Design manager,bgormally3b,Pashto
123,Alysa,Strowan,astrowan3f@wikipedia.org,F,Mechanical Systems Engineer,astrowan3f,New Zealand Sign Language
125,Vikky,Vassano,vvassano3h@blogs.com,F,Geological Engineer,vvassano3h,Czech
126,Julia,Prewett,jprewett3i@japanpost.jp,F,Sales Associate,jprewett3i,Thai
129,Ulrika,Grime,ugrime3l@tmall.com,F,Pharmacist,ugrime3l,Chinese
131,Kailey,Weightman,kweightman3n@w3.org,F,Junior Executive,kweightman3n,Tok Pisin
133,Jerrie,Armfield,jarmfield3p@nymag.com,F,Account Executive,jarmfield3p,Hebrew
134,Sheila-kathryn,Manjot,smanjot3q@lycos.com,F,Environmental Tech,smanjot3q,Bulgarian
137,Chloris,De Domenico,cdedomenico3t@cam.ac.uk,F,Teacher,cdedomenico3t,Kazakh
142,Lotti,Mattiessen,lmattiessen3y@washington.edu,F,Account Coordinator,lmattiessen3y,Icelandic
144,Christel,Brownhall,cbrownhall40@nsw.gov.au,F,Sales Representative,cbrownhall40,Hindi
148,Verile,Savory,vsavory44@4shared.com,F,VP Product Management,vsavory44,Filipino
149,Rochella,Featonby,rfeatonby45@ocn.ne.jp,F,Accounting Assistant III,rfeatonby45,Quechua
153,Roxy,Heiss,rheiss49@google.de,F,Civil Engineer,rheiss49,Zulu
156,Jacqui,Burgisi,jburgisi4c@flavors.me,F,Junior Executive,jburgisi4c,Tok Pisin
158,Anthea,A'field,aafield4e@jigsy.com,F,Structural Engineer,aafield4e,Croatian
159,Terrie,Doyle,tdoyle4f@fema.gov,F,Occupational Therapist,tdoyle4f,Filipino
163,Florentia,Furlong,ffurlong4j@home.pl,F,Desktop Support Technician,ffurlong4j,Swahili
166,Eveleen,Nequest,enequest4m@cnbc.com,F,Payment Adjustment Coordinator,enequest4m,Tok Pisin
168,Nikaniki,Anslow,nanslow4o@soundcloud.com,F,Electrical Engineer,nanslow4o,Hindi
171,Annadiana,Pring,apring4r@creativecommons.org,F,Analog Circuit Design manager,apring4r,Dari
175,Koressa,Leahair,kleahair4v@live.com,F,Environmental Specialist,kleahair4v,Portuguese
181,Antonetta,Jewes,ajewes51@google.fr,F,Assistant Media Planner,ajewes51,Chinese
183,Loella,Crighten,lcrighten53@psu.edu,F,Financial Analyst,lcrighten53,Ndebele
186,Olimpia,Ffrench,offrench56@youtube.com,F,Nurse,offrench56,Danish
187,Roanne,Alliott,ralliott57@mtv.com,F,Media Manager IV,ralliott57,Assamese
189,Janot,Heinke,jheinke59@paginegialle.it,F,Internal Auditor,jheinke59,Korean
190,Celina,Mitchenson,cmitchenson5a@dailymail.co.uk,F,Quality Control Specialist,cmitchenson5a,Chinese
192,Lynnelle,Jarlmann,ljarlmann5c@github.io,F,Dental Hygienist,ljarlmann5c,Bislama
194,Dacia,Dansken,ddansken5e@usa.gov,F,Senior Sales Associate,ddansken5e,Bislama
195,Herta,Phlippi,hphlippi5f@shop-pro.jp,F,Speech Pathologist,hphlippi5f,Estonian
197,Anna-diane,Jobling,ajobling5h@feedburner.com,F,Help Desk Technician,ajobling5h,Maltese
200,Shaine,Riccetti,sriccetti5k@constantcontact.com,F,Executive Secretary,sriccetti5k,Portuguese
201,Anneliese,Maginot,amaginot5l@sogou.com,F,Programmer Analyst II,amaginot5l,Italian
206,Rene,Shoobridge,rshoobridge5q@oracle.com,F,Paralegal,rshoobridge5q,Gagauz
207,Vivianne,Cliff,vcliff5r@about.me,F,Director of Sales,vcliff5r,Tsonga
208,Roxine,Frie,rfrie5s@samsung.com,F,Business Systems Development Analyst,rfrie5s,Catalan
211,Delilah,Davidesco,ddavidesco5v@unc.edu,F,Data Coordiator,ddavidesco5v,Kannada
213,Wenonah,Flippen,wflippen5x@about.me,F,Chemical Engineer,wflippen5x,Chinese
216,Terrye,Cordeux,tcordeux60@hp.com,F,Professor,tcordeux60,Aymara
217,Latashia,Savage,lsavage61@bloglovin.com,F,Executive Secretary,lsavage61,Hungarian
219,Cherilynn,Espinola,cespinola63@bloomberg.com,F,Office Assistant I,cespinola63,English
220,Erda,Strudwick,estrudwick64@spiegel.de,F,Nuclear Power Engineer,estrudwick64,Somali
221,Sybille,Byres,sbyres65@about.com,F,Assistant Media Planner,sbyres65,Armenian
224,Hailee,Gatenby,hgatenby68@nytimes.com,F,Marketing Assistant,hgatenby68,Finnish
228,Jessalyn,Wickmann,jwickmann6c@economist.com,F,Analog Circuit Design manager,jwickmann6c,Filipino
229,Arlie,Blasgen,ablasgen6d@51.la,F,Senior Cost Accountant,ablasgen6d,Bulgarian
231,Carlie,Crocket,ccrocket6f@simplemachines.org,F,Assistant Media Planner,ccrocket6f,English
234,Petronille,Fishbourn,pfishbourn6i@google.ru,F,Associate Professor,pfishbourn6i,Yiddish
235,Dedra,Brownsword,dbrownsword6j@blogger.com,F,Senior Developer,dbrownsword6j,Kyrgyz
236,Dulcy,Quickfall,dquickfall6k@mlb.com,F,Analyst Programmer,dquickfall6k,Pashto
242,Etheline,Lauritzen,elauritzen6q@blogs.com,F,Automation Specialist IV,elauritzen6q,Punjabi
244,Fran,Cassie,fcassie6s@t-online.de,F,Legal Assistant,fcassie6s,Polish
246,Suzette,Paradise,sparadise6u@umn.edu,F,Editor,sparadise6u,Bengali
247,Evangeline,Deam,edeam6v@goodreads.com,F,Human Resources Assistant IV,edeam6v,Quechua
248,Faye,Monroe,fmonroe6w@com.com,F,Food Chemist,fmonroe6w,Dhivehi
251,Edwina,Fawthrop,efawthrop6z@macromedia.com,F,Payment Adjustment Coordinator,efawthrop6z,Dari
253,Jayme,McKerton,jmckerton71@studiopress.com,F,Administrative Assistant II,jmckerton71,Portuguese
254,Gerrilee,Sifflett,gsifflett72@cargocollective.com,F,Paralegal,gsifflett72,New Zealand Sign Language
258,Indira,Leighton,ileighton76@kickstarter.com,F,Registered Nurse,ileighton76,Māori
259,Eustacia,Tattersdill,etattersdill77@paypal.com,F,Developer IV,etattersdill77,Tetum
261,Hannis,Rouf,hrouf79@arstechnica.com,F,Environmental Specialist,hrouf79,Quechua
262,Melesa,Madine,mmadine7a@google.fr,F,Financial Advisor,mmadine7a,Tok Pisin
264,Shena,Goodered,sgoodered7c@boston.com,F,Clinical Specialist,sgoodered7c,Guaraní
266,Nathalie,Strachan,nstrachan7e@reuters.com,F,Occupational Therapist,nstrachan7e,Kazakh
267,Nataline,Turfus,nturfus7f@admin.ch,F,Help Desk Operator,nturfus7f,Kurdish
268,Melina,Woollaston,mwoollaston7g@joomla.org,F,Account Coordinator,mwoollaston7g,West Frisian
270,Erda,Pohling,epohling7i@topsy.com,F,Tax Accountant,epohling7i,Irish Gaelic
271,Brana,Vane,bvane7j@discovery.com,F,Pharmacist,bvane7j,Assamese
272,Breena,Gravet,bgravet7k@xing.com,F,GIS Technical Architect,bgravet7k,Macedonian
274,Josefina,Toleman,jtoleman7m@soup.io,F,Research Associate,jtoleman7m,Irish Gaelic
275,Barb,Molian,bmolian7n@macromedia.com,F,Data Coordiator,bmolian7n,Oriya
276,Rosaleen,Downey,rdowney7o@imageshack.us,F,Mechanical Systems Engineer,rdowney7o,Macedonian
278,Arlette,Jurasek,ajurasek7q@ted.com,F,VP Accounting,ajurasek7q,Afrikaans
280,Chere,Ellerman,cellerman7s@altervista.org,F,Junior Executive,cellerman7s,Estonian
281,Netty,Towell,ntowell7t@squidoo.com,F,Editor,ntowell7t,Greek
284,Olenka,Dodridge,ododridge7w@pagesperso-orange.fr,F,Graphic Designer,ododridge7w,Albanian
286,Lorettalorna,Jickells,ljickells7y@yellowbook.com,F,Health Coach II,ljickells7y,Aymara
290,Benoite,Axe,baxe82@pinterest.com,F,Office Assistant II,baxe82,Bulgarian
297,Bernete,Heinl,bheinl89@cpanel.net,F,Senior Sales Associate,bheinl89,Dutch
298,Modesty,Bembridge,mbembridge8a@list-manage.com,F,Speech Pathologist,mbembridge8a,Quechua
299,Linell,Ragsdall,lragsdall8b@istockphoto.com,F,Teacher,lragsdall8b,Burmese
300,Merci,Scarlett,mscarlett8c@bravesites.com,F,Civil Engineer,mscarlett8c,Polish
306,Lorrie,Pfeffle,lpfeffle8i@who.int,F,Chemical Engineer,lpfeffle8i,Kazakh
308,Rozanne,Goncalo,rgoncalo8k@salon.com,F,Assistant Manager,rgoncalo8k,Bulgarian
309,Nadya,Renvoys,nrenvoys8l@unblog.fr,F,Community Outreach Specialist,nrenvoys8l,Malay
312,Fayre,Argont,fargont8o@auda.org.au,F,Budget/Accounting Analyst I,fargont8o,Azeri
316,Alyssa,Foort,afoort8s@sitemeter.com,F,Occupational Therapist,afoort8s,Persian
318,Fidelia,Slyne,fslyne8u@friendfeed.com,F,Tax Accountant,fslyne8u,Assamese
320,Myra,Priddy,mpriddy8w@tamu.edu,F,Nurse Practicioner,mpriddy8w,Telugu
323,Didi,Troni,dtroni8z@wix.com,F,Web Designer II,dtroni8z,Amharic
325,Kimmi,Wanless,kwanless91@slideshare.net,F,Health Coach II,kwanless91,Estonian
327,Gabbie,Nancekivell,gnancekivell93@msn.com,F,Human Resources Manager,gnancekivell93,Kurdish
329,Saraann,Dello,sdello95@ocn.ne.jp,F,Statistician I,sdello95,Lithuanian
331,Tisha,Moloney,tmoloney97@amazon.de,F,Information Systems Manager,tmoloney97,Māori
334,Cassandre,Burford,cburford9a@merriam-webster.com,F,Geological Engineer,cburford9a,Moldovan
336,Carmon,McClarence,cmcclarence9c@behance.net,F,General Manager,cmcclarence9c,French
338,Regan,Gadsdon,rgadsdon9e@multiply.com,F,Financial Analyst,rgadsdon9e,Latvian
340,Minny,Bletso,mbletso9g@icq.com,F,Product Engineer,mbletso9g,Albanian
342,Dalila,Le Grice,dlegrice9i@house.gov,F,Teacher,dlegrice9i,French
345,Chandra,Smaile,csmaile9l@addtoany.com,F,Administrative Assistant II,csmaile9l,Tetum
347,Jazmin,de Juares,jdejuares9n@wikimedia.org,F,Social Worker,jdejuares9n,Assamese
348,Ruperta,Manz,rmanz9o@phpbb.com,F,Biostatistician II,rmanz9o,Romanian
349,Matty,Dwight,mdwight9p@senate.gov,F,Product Engineer,mdwight9p,Norwegian
353,Jemie,McAulay,jmcaulay9t@umich.edu,F,Recruiter,jmcaulay9t,Gujarati
357,Gus,Pury,gpury9x@ovh.net,F,Software Engineer II,gpury9x,Bulgarian
358,Ola,Ordemann,oordemann9y@sfgate.com,F,Nurse,oordemann9y,Irish Gaelic
359,Juliann,Boss,jboss9z@unicef.org,F,Developer III,jboss9z,Pashto
364,Annecorinne,Broadberry,abroadberrya4@cargocollective.com,F,Editor,abroadberrya4,Kurdish
368,Leontyne,Ryles,lrylesa8@stanford.edu,F,Operator,lrylesa8,Tswana
371,Romonda,Arnaez,rarnaezab@printfriendly.com,F,Recruiter,rarnaezab,Oriya
372,Kayle,Bullen,kbullenac@yellowbook.com,F,Accountant III,kbullenac,Somali
374,Cherilyn,Bedwell,cbedwellae@hibu.com,F,Senior Editor,cbedwellae,Irish Gaelic
376,Susann,Godmer,sgodmerag@tmall.com,F,Research Nurse,sgodmerag,Hiri Motu
377,Tess,Kirman,tkirmanah@wordpress.com,F,Analog Circuit Design manager,tkirmanah,Romanian
379,Ardyth,Mussolini,amussoliniaj@mtv.com,F,Staff Accountant III,amussoliniaj,Bosnian
380,Linnie,Byre,lbyreak@jimdo.com,F,General Manager,lbyreak,Maltese
381,Adella,Quarless,aquarlessal@patch.com,F,Financial Advisor,aquarlessal,Tok Pisin
382,Tillie,Tersay,ttersayam@howstuffworks.com,F,Community Outreach Specialist,ttersayam,Italian
384,Sile,Stonbridge,sstonbridgeao@sogou.com,F,Business Systems Development Analyst,sstonbridgeao,Albanian
387,Winnie,Beckford,wbeckfordar@biblegateway.com,F,Sales Associate,wbeckfordar,Luxembourgish
388,Allyce,Bertwistle,abertwistleas@typepad.com,F,Food Chemist,abertwistleas,Finnish
389,Danice,Broschek,dbroschekat@joomla.org,F,Electrical Engineer,dbroschekat,Yiddish
390,Maxie,Fowler,mfowlerau@epa.gov,F,Data Coordiator,mfowlerau,Fijian
391,Fanny,Lowman,flowmanav@google.de,F,Biostatistician II,flowmanav,Tajik
396,Ernestine,Trimbey,etrimbeyb0@ow.ly,F,Sales Associate,etrimbeyb0,Spanish
398,Patience,Dicky,pdickyb2@nifty.com,F,Automation Specialist II,pdickyb2,Haitian Creole
399,Minny,Bridgwood,mbridgwoodb3@tripod.com,F,Editor,mbridgwoodb3,Lithuanian
400,Linnea,Mulgrew,lmulgrewb4@altervista.org,F,Research Nurse,lmulgrewb4,Mongolian
401,Dorree,Venning,dvenningb5@paginegialle.it,F,Financial Analyst,dvenningb5,Moldovan
402,Cate,Croxall,ccroxallb6@msu.edu,F,VP Accounting,ccroxallb6,Catalan
405,Onida,Clemmow,oclemmowb9@dell.com,F,Graphic Designer,oclemmowb9,Nepali
406,Cordi,Dinsmore,cdinsmoreba@etsy.com,F,Tax Accountant,cdinsmoreba,Oriya
407,Dion,Cobbe,dcobbebb@baidu.com,F,VP Marketing,dcobbebb,Dari
408,Ashil,Crisford,acrisfordbc@stanford.edu,F,Help Desk Technician,acrisfordbc,Burmese
409,Elle,Perchard,eperchardbd@ebay.com,F,Environmental Specialist,eperchardbd,Gagauz
411,Pammy,Browncey,pbrownceybf@nydailynews.com,F,Business Systems Development Analyst,pbrownceybf,Gujarati
412,Karil,Kippin,kkippinbg@mysql.com,F,Accounting Assistant I,kkippinbg,Hebrew
413,Fannie,McKeever,fmckeeverbh@goodreads.com,F,Quality Control Specialist,fmckeeverbh,Dhivehi
415,Constanta,Macey,cmaceybj@hexun.com,F,Geological Engineer,cmaceybj,Estonian
416,Lyssa,McGifford,lmcgiffordbk@time.com,F,Social Worker,lmcgiffordbk,Haitian Creole
418,Biddie,Golson,bgolsonbm@dailymail.co.uk,F,Occupational Therapist,bgolsonbm,Korean
420,Marlena,Iskov,miskovbo@amazonaws.com,F,Social Worker,miskovbo,Greek
421,Anjela,Pinfold,apinfoldbp@baidu.com,F,Actuary,apinfoldbp,Thai
422,Legra,Brinded,lbrindedbq@amazon.co.jp,F,Administrative Assistant III,lbrindedbq,Dari
427,Alejandrina,Cahan,acahanbv@myspace.com,F,General Manager,acahanbv,Gujarati
429,Kassi,Busfield,kbusfieldbx@alexa.com,F,Teacher,kbusfieldbx,Persian
430,Kristien,Andreone,kandreoneby@apache.org,F,Executive Secretary,kandreoneby,Zulu
432,Shell,Martineau,smartineauc0@rambler.ru,F,Assistant Manager,smartineauc0,Irish Gaelic
433,Sula,Chalfain,schalfainc1@prweb.com,F,Research Associate,schalfainc1,Lao
435,Melodie,Tarburn,mtarburnc3@cnbc.com,F,General Manager,mtarburnc3,Tswana
436,Jourdan,Echelle,jechellec4@timesonline.co.uk,F,Administrative Assistant III,jechellec4,Malagasy
437,Joyous,Aulsford,jaulsfordc5@usa.gov,F,Civil Engineer,jaulsfordc5,Ndebele
440,Lucine,Letson,lletsonc8@wiley.com,F,Operator,lletsonc8,Telugu
441,Aubine,Bowie,abowiec9@who.int,F,Quality Control Specialist,abowiec9,Ndebele
443,Corene,Massen,cmassencb@dailymotion.com,F,GIS Technical Architect,cmassencb,Kurdish
445,Robinetta,Face,rfacecd@diigo.com,F,Associate Professor,rfacecd,Hungarian
451,Nanci,Carverhill,ncarverhillcj@sourceforge.net,F,Recruiting Manager,ncarverhillcj,Maltese
452,Luisa,Sallings,lsallingsck@de.vu,F,Chemical Engineer,lsallingsck,Lao
454,Fionna,Chavrin,fchavrincm@vistaprint.com,F,General Manager,fchavrincm,Tajik
455,Betteann,Vasyunichev,bvasyunichevcn@tinyurl.com,F,Social Worker,bvasyunichevcn,Bulgarian
456,Patrice,Lochet,plochetco@1688.com,F,Health Coach IV,plochetco,Tetum
458,Leoline,Cirlos,lcirloscq@npr.org,F,Graphic Designer,lcirloscq,Spanish
460,Eustacia,Benediktovich,ebenediktovichcs@cbc.ca,F,Director of Sales,ebenediktovichcs,Luxembourgish
461,Julee,Hunting,jhuntingct@stumbleupon.com,F,Analog Circuit Design manager,jhuntingct,Persian
464,Erminia,Spellacy,espellacycw@marketwatch.com,F,Software Engineer IV,espellacycw,Fijian
467,Alexa,Allan,aallancz@i2i.jp,F,Staff Scientist,aallancz,Croatian
468,Kariotta,Patterfield,kpatterfieldd0@xinhuanet.com,F,Legal Assistant,kpatterfieldd0,Czech
472,Ericha,de Chastelain,edechastelaind4@webnode.com,F,Paralegal,edechastelaind4,Persian
474,La verne,Strover,lstroverd6@berkeley.edu,F,Web Developer IV,lstroverd6,Sotho
475,Gretal,Redfearn,gredfearnd7@blogs.com,F,Recruiter,gredfearnd7,German
477,Nicky,Theuff,ntheuffd9@ocn.ne.jp,F,Structural Analysis Engineer,ntheuffd9,Spanish
479,Devin,Tenbrug,dtenbrugdb@ibm.com,F,Budget/Accounting Analyst IV,dtenbrugdb,Japanese
481,Belia,McCawley,bmccawleydd@ihg.com,F,Help Desk Technician,bmccawleydd,Marathi
482,Virgie,McMechan,vmcmechande@slate.com,F,Civil Engineer,vmcmechande,Czech
487,Delcine,Bowton,dbowtondj@ustream.tv,F,Food Chemist,dbowtondj,Romanian
488,Augustine,Senyard,asenyarddk@cdbaby.com,F,Product Engineer,asenyarddk,Telugu
491,Crystie,Tidridge,ctidridgedn@ebay.co.uk,F,Analog Circuit Design manager,ctidridgedn,Croatian
496,Doro,Hayers,dhayersds@mediafire.com,F,Professor,dhayersds,Azeri
497,Adelaida,Stetlye,astetlyedt@w3.org,F,Human Resources Manager,astetlyedt,Romanian
499,Stacie,Proudlove,sproudlovedv@pagesperso-orange.fr,F,Human Resources Assistant I,sproudlovedv,Amharic
500,Tricia,Penbarthy,tpenbarthydw@a8.net,F,Automation Specialist II,tpenbarthydw,Malagasy
501,Carmencita,Sherwyn,csherwyndx@blogs.com,F,Teacher,csherwyndx,Lithuanian
502,Lana,Polland,lpollanddy@i2i.jp,F,Account Coordinator,lpollanddy,Zulu
503,Nada,South,nsouthdz@wikispaces.com,F,Marketing Manager,nsouthdz,Albanian
505,Bobina,Plose,bplosee1@abc.net.au,F,Senior Developer,bplosee1,Tetum
506,Neilla,Shewery,nshewerye2@netvibes.com,F,Environmental Specialist,nshewerye2,Hiri Motu
509,Julianna,Duhig,jduhige5@earthlink.net,F,Food Chemist,jduhige5,Amharic
510,Brandi,Millgate,bmillgatee6@altervista.org,F,Account Coordinator,bmillgatee6,Swati
516,Nicola,MacKeig,nmackeigec@economist.com,F,VP Sales,nmackeigec,Dari
517,Ruthi,McCard,rmccarded@unesco.org,F,Associate Professor,rmccarded,Hindi
520,Therine,De la Yglesia,tdelayglesiaeg@blogs.com,F,Teacher,tdelayglesiaeg,German
521,Rowena,Goldstone,rgoldstoneeh@hhs.gov,F,Structural Analysis Engineer,rgoldstoneeh,Czech
522,Perrine,Morratt,pmorrattei@techcrunch.com,F,Media Manager III,pmorrattei,Portuguese
524,Ivie,Chatelot,ichatelotek@bandcamp.com,F,Food Chemist,ichatelotek,Swahili
525,Georgeanne,Heavyside,gheavysideel@seesaa.net,F,Research Nurse,gheavysideel,Bulgarian
529,Arly,Churn,achurnep@exblog.jp,F,Help Desk Operator,achurnep,Irish Gaelic
531,Phil,MacGuiness,pmacguinesser@intel.com,F,Environmental Specialist,pmacguinesser,Māori
533,Shel,Ciubutaro,sciubutaroet@icq.com,F,Paralegal,sciubutaroet,Tamil
534,Marsiella,Bourges,mbourgeseu@ca.gov,F,Paralegal,mbourgeseu,Lao
535,Vivian,McCaskill,vmccaskillev@cdbaby.com,F,Geologist I,vmccaskillev,Sotho
536,Doralin,Shane,dshaneew@163.com,F,Teacher,dshaneew,Māori
537,Mead,O'Hagirtie,mohagirtieex@blog.com,F,Analyst Programmer,mohagirtieex,Dari
539,Chrissie,Sweetmore,csweetmoreez@answers.com,F,Help Desk Technician,csweetmoreez,Greek
541,Kimmi,Dmiterko,kdmiterkof1@reddit.com,F,Payment Adjustment Coordinator,kdmiterkof1,Maltese
544,Salli,Hintze,shintzef4@xinhuanet.com,F,Information Systems Manager,shintzef4,Sotho
547,Jeanelle,Spleving,jsplevingf7@plala.or.jp,F,Civil Engineer,jsplevingf7,Maltese
548,Clair,O'Corhane,cocorhanef8@diigo.com,F,Human Resources Assistant I,cocorhanef8,Kazakh
550,Roch,Gilham,rgilhamfa@unblog.fr,F,Nuclear Power Engineer,rgilhamfa,Punjabi
551,Elfreda,Lamburn,elamburnfb@nydailynews.com,F,Human Resources Assistant IV,elamburnfb,Luxembourgish
552,Paulina,Griston,pgristonfc@netvibes.com,F,Account Coordinator,pgristonfc,Maltese
554,Tiena,Brasner,tbrasnerfe@illinois.edu,F,Community Outreach Specialist,tbrasnerfe,Portuguese
557,Natty,Haggith,nhaggithfh@uol.com.br,F,Compensation Analyst,nhaggithfh,Portuguese
560,Flo,Dougharty,fdoughartyfk@miitbeian.gov.cn,F,Editor,fdoughartyfk,Ndebele
562,Wendye,Massenhove,wmassenhovefm@geocities.jp,F,Account Coordinator,wmassenhovefm,Dari
563,Franni,Dossit,fdossitfn@youtu.be,F,Biostatistician IV,fdossitfn,English
566,Nichole,Antley,nantleyfq@wsj.com,F,Analyst Programmer,nantleyfq,Greek
568,Karoly,Mongeot,kmongeotfs@oracle.com,F,Recruiter,kmongeotfs,Dutch
569,Kari,Noriega,knoriegaft@archive.org,F,Geological Engineer,knoriegaft,English
570,Blondie,Waskett,bwaskettfu@scientificamerican.com,F,VP Marketing,bwaskettfu,Bengali
572,Nicoli,Espino,nespinofw@bloomberg.com,F,Analog Circuit Design manager,nespinofw,Tswana
573,Elnora,Lofts,eloftsfx@samsung.com,F,Biostatistician I,eloftsfx,Bosnian
576,Adrianna,Caldeiro,acaldeirog0@arizona.edu,F,Operator,acaldeirog0,Azeri
577,Ilyssa,Baxstare,ibaxstareg1@rakuten.co.jp,F,Software Test Engineer I,ibaxstareg1,Belarusian
578,Cindra,Beames,cbeamesg2@pcworld.com,F,Assistant Professor,cbeamesg2,Haitian Creole
580,Ruth,Detloff,rdetloffg4@blog.com,F,Automation Specialist I,rdetloffg4,Kurdish
581,Jacquette,Koppen,jkoppeng5@businessweek.com,F,Recruiter,jkoppeng5,Czech
585,Ryann,Philippet,rphilippetg9@yelp.com,F,Statistician IV,rphilippetg9,Burmese
586,Nady,McEvilly,nmcevillyga@amazon.co.uk,F,Research Assistant I,nmcevillyga,Bosnian
588,Ofelia,Docksey,odockseygc@google.com.hk,F,Marketing Manager,odockseygc,Greek
589,Harrie,Scoggins,hscogginsgd@parallels.com,F,Operator,hscogginsgd,Northern Sotho
590,Lilli,Bernlin,lbernlinge@netlog.com,F,Tax Accountant,lbernlinge,Greek
592,Luz,Giacomazzo,lgiacomazzogg@wikispaces.com,F,Developer I,lgiacomazzogg,Kashmiri
594,Lanni,Crowdace,lcrowdacegi@about.com,F,Occupational Therapist,lcrowdacegi,Korean
595,Guillemette,Leavold,gleavoldgj@weather.com,F,Senior Developer,gleavoldgj,Malagasy
597,Milli,Mokes,mmokesgl@dell.com,F,Senior Financial Analyst,mmokesgl,Tamil
599,Tove,Glossop,tglossopgn@addtoany.com,F,Assistant Professor,tglossopgn,Luxembourgish
600,Alethea,Bettison,abettisongo@domainmarket.com,F,Statistician II,abettisongo,French
602,Nanete,Ding,ndinggq@dedecms.com,F,Safety Technician I,ndinggq,Guaraní
605,Jerrilyn,Cleatherow,jcleatherowgt@omniture.com,F,Occupational Therapist,jcleatherowgt,Tswana
606,Brett,Bohike,bbohikegu@epa.gov,F,Desktop Support Technician,bbohikegu,Kannada
608,Marney,Calam,mcalamgw@sitemeter.com,F,Product Engineer,mcalamgw,Kannada
611,Oriana,Krysztofiak,okrysztofiakgz@tamu.edu,F,Analyst Programmer,okrysztofiakgz,Croatian
612,Jorry,Durrant,jdurranth0@prnewswire.com,F,Professor,jdurranth0,Spanish
613,Wilone,Davidowich,wdavidowichh1@over-blog.com,F,Legal Assistant,wdavidowichh1,Mongolian
616,Cicely,Frear,cfrearh4@unicef.org,F,Structural Engineer,cfrearh4,Bislama
617,Lenka,Langsbury,llangsburyh5@ft.com,F,Business Systems Development Analyst,llangsburyh5,Fijian
619,Jandy,Wallbanks,jwallbanksh7@theatlantic.com,F,Account Coordinator,jwallbanksh7,Latvian
622,Brande,Levi,bleviha@tmall.com,F,Senior Sales Associate,bleviha,Romanian
624,Tierney,Northwood,tnorthwoodhc@ucoz.ru,F,Executive Secretary,tnorthwoodhc,Thai
625,Sileas,Daley,sdaleyhd@usgs.gov,F,Junior Executive,sdaleyhd,Kazakh
628,Layla,Jacquet,ljacquethg@amazon.co.jp,F,Community Outreach Specialist,ljacquethg,Czech
629,Dasha,Shard,dshardhh@live.com,F,Cost Accountant,dshardhh,Tsonga
630,Wendy,Wakes,wwakeshi@gravatar.com,F,Web Developer III,wwakeshi,Aymara
631,Karlen,Mozzini,kmozzinihj@clickbank.net,F,Statistician IV,kmozzinihj,Tok Pisin
632,Patrice,Aylmer,paylmerhk@vinaora.com,F,Clinical Specialist,paylmerhk,Afrikaans
633,Loren,Dudlestone,ldudlestonehl@taobao.com,F,Actuary,ldudlestonehl,Malagasy
639,Rhiamon,Tournie,rtourniehr@miitbeian.gov.cn,F,VP Quality Control,rtourniehr,Burmese
645,Casandra,Kienlein,ckienleinhx@umich.edu,F,Associate Professor,ckienleinhx,West Frisian
646,Naomi,Ailmer,nailmerhy@addthis.com,F,Assistant Professor,nailmerhy,Bislama
648,Arden,Murden,amurdeni0@blog.com,F,Chemical Engineer,amurdeni0,Indonesian
650,Babette,Creamer,bcreameri2@arizona.edu,F,Senior Sales Associate,bcreameri2,Dzongkha
655,Gabbey,Kubacek,gkubaceki7@instagram.com,F,Senior Cost Accountant,gkubaceki7,Luxembourgish
657,Nollie,Benedidick,nbenedidicki9@nydailynews.com,F,Project Manager,nbenedidicki9,Indonesian
658,Juliette,Sambiedge,jsambiedgeia@ihg.com,F,Web Designer III,jsambiedgeia,Norwegian
660,Wilona,Sharman,wsharmanic@amazonaws.com,F,Teacher,wsharmanic,Latvian
662,Dedra,Cassy,dcassyie@msu.edu,F,Media Manager II,dcassyie,Albanian
668,Laraine,Carncross,lcarncrossik@hud.gov,F,Executive Secretary,lcarncrossik,Luxembourgish
669,Doralia,Fanthom,dfanthomil@hibu.com,F,Editor,dfanthomil,Quechua
670,Fara,Barbrick,fbarbrickim@telegraph.co.uk,F,Research Associate,fbarbrickim,Estonian
672,Gladi,Moralis,gmoralisio@reference.com,F,VP Marketing,gmoralisio,Dzongkha
673,Lianna,Kirgan,lkirganip@fema.gov,F,Programmer Analyst III,lkirganip,Kashmiri
675,Lynnette,Bourgaize,lbourgaizeir@ted.com,F,Help Desk Technician,lbourgaizeir,Dutch
676,Ivett,Knowlson,iknowlsonis@homestead.com,F,Speech Pathologist,iknowlsonis,Hebrew
678,Tandie,Bryceson,tbrycesoniu@163.com,F,Budget/Accounting Analyst IV,tbrycesoniu,Azeri
683,Bertha,Manes,bmanesiz@uiuc.edu,F,Automation Specialist III,bmanesiz,Montenegrin
684,Ilysa,Ebbers,iebbersj0@europa.eu,F,Computer Systems Analyst IV,iebbersj0,Fijian
686,Katrina,Sollowaye,ksollowayej2@amazon.com,F,Graphic Designer,ksollowayej2,Hiri Motu
690,Deena,Edie,dediej6@over-blog.com,F,Operator,dediej6,New Zealand Sign Language
692,Dorolisa,Howett,dhowettj8@hibu.com,F,Tax Accountant,dhowettj8,Arabic
695,Katharine,Ridings,kridingsjb@cnn.com,F,Analog Circuit Design manager,kridingsjb,Albanian
696,Cris,Aubin,caubinjc@guardian.co.uk,F,Financial Analyst,caubinjc,Icelandic
698,Tami,Bortol,tbortolje@skyrock.com,F,Assistant Media Planner,tbortolje,Zulu
700,Rhona,Swayte,rswaytejg@google.com.hk,F,Human Resources Assistant I,rswaytejg,English
702,Melloney,Currall,mcurrallji@digg.com,F,Mechanical Systems Engineer,mcurrallji,Dutch
703,Korrie,Clericoates,kclericoatesjj@wikimedia.org,F,Software Engineer II,kclericoatesjj,Montenegrin
706,Cristina,Gehrtz,cgehrtzjm@mozilla.org,F,VP Accounting,cgehrtzjm,Tamil
708,Michelle,O'Kuddyhy,mokuddyhyjo@google.com.hk,F,Analog Circuit Design manager,mokuddyhyjo,Malagasy
709,Carlotta,Denver,cdenverjp@webnode.com,F,Speech Pathologist,cdenverjp,Somali
710,Reggi,Chimienti,rchimientijq@prlog.org,F,Geological Engineer,rchimientijq,Azeri
711,Ariella,Cherrison,acherrisonjr@princeton.edu,F,Data Coordiator,acherrisonjr,Tok Pisin
712,Stoddard,Cicchinelli,scicchinellijs@yolasite.com,F,Teacher,scicchinellijs,Gagauz
713,Mariquilla,Gebb,mgebbjt@ameblo.jp,F,Staff Scientist,mgebbjt,Nepali
714,Fifine,Conniam,fconniamju@odnoklassniki.ru,F,Account Executive,fconniamju,Yiddish
715,Rheba,Vonderdell,rvonderdelljv@yellowpages.com,F,Geologist III,rvonderdelljv,Irish Gaelic
718,Tracey,Lenihan,tlenihanjy@cloudflare.com,F,Biostatistician III,tlenihanjy,Lithuanian
719,Lilia,Caldicot,lcaldicotjz@paypal.com,F,Junior Executive,lcaldicotjz,Norwegian
721,Marena,Tabor,mtabork1@reference.com,F,VP Product Management,mtabork1,Filipino
722,Audy,Scain,ascaink2@sourceforge.net,F,Product Engineer,ascaink2,Tswana
723,Karlie,Scoterbosh,kscoterboshk3@studiopress.com,F,Graphic Designer,kscoterboshk3,Afrikaans
724,Stephani,Catterill,scatterillk4@engadget.com,F,Financial Analyst,scatterillk4,Moldovan
726,Maggy,Ivasechko,mivasechkok6@unicef.org,F,Business Systems Development Analyst,mivasechkok6,Sotho
729,Jayme,Cordingley,jcordingleyk9@fc2.com,F,Community Outreach Specialist,jcordingleyk9,Filipino
730,Cherry,De Bernardis,cdebernardiska@elegantthemes.com,F,Nurse,cdebernardiska,Macedonian
733,Anne-corinne,Selly,asellykd@i2i.jp,F,Senior Editor,asellykd,Tsonga
734,Dorita,Siene,dsieneke@cam.ac.uk,F,Food Chemist,dsieneke,Spanish
736,Aubrette,Penfold,apenfoldkg@yandex.ru,F,Assistant Manager,apenfoldkg,Montenegrin
737,Beryle,Affleck,baffleckkh@wix.com,F,Assistant Manager,baffleckkh,Tsonga
740,Tallie,Northill,tnorthillkk@reddit.com,F,VP Sales,tnorthillkk,Bislama
741,Filide,Chipperfield,fchipperfieldkl@sina.com.cn,F,Financial Analyst,fchipperfieldkl,Italian
743,Elianore,Thomsen,ethomsenkn@hugedomains.com,F,Social Worker,ethomsenkn,Lao
747,Rheta,Kellitt,rkellittkr@weather.com,F,Structural Engineer,rkellittkr,Dari
748,Kessia,Pirelli,kpirelliks@qq.com,F,Project Manager,kpirelliks,Tswana
749,Twyla,Pettko,tpettkokt@digg.com,F,Information Systems Manager,tpettkokt,Amharic
750,Angelia,Smurthwaite,asmurthwaiteku@geocities.com,F,Senior Editor,asmurthwaiteku,Chinese
754,Fan,Wagnerin,fwagnerinky@buzzfeed.com,F,Budget/Accounting Analyst I,fwagnerinky,Punjabi
755,Charil,Spawforth,cspawforthkz@blogger.com,F,Project Manager,cspawforthkz,Lithuanian
756,Fannie,Scawn,fscawnl0@who.int,F,VP Marketing,fscawnl0,Kashmiri
757,Jaclin,McTaggart,jmctaggartl1@vk.com,F,Technical Writer,jmctaggartl1,Afrikaans
760,Fleur,Lammenga,flammengal4@godaddy.com,F,Legal Assistant,flammengal4,Gagauz
761,Jenilee,Ben,jbenl5@topsy.com,F,Design Engineer,jbenl5,Hiri Motu
763,Irena,Backman,ibackmanl7@hao123.com,F,Software Consultant,ibackmanl7,Afrikaans
766,Leoline,Kearney,lkearneyla@sogou.com,F,Sales Associate,lkearneyla,Yiddish
767,Brynn,Giscken,bgisckenlb@biblegateway.com,F,VP Quality Control,bgisckenlb,Croatian
768,Delora,Fellibrand,dfellibrandlc@seattletimes.com,F,Web Developer II,dfellibrandlc,Oriya
771,Renata,Bog,rboglf@forbes.com,F,Nuclear Power Engineer,rboglf,Somali
772,Shel,Tillerton,stillertonlg@epa.gov,F,Recruiting Manager,stillertonlg,Papiamento
779,Toinette,Keveren,tkeverenln@odnoklassniki.ru,F,Civil Engineer,tkeverenln,Spanish
780,Lilly,McPhater,lmcphaterlo@arstechnica.com,F,Sales Representative,lmcphaterlo,French
781,Ulrika,Mallan,umallanlp@patch.com,F,Graphic Designer,umallanlp,Armenian
782,Veriee,Rickett,vrickettlq@businessweek.com,F,Analyst Programmer,vrickettlq,Afrikaans
783,Mandie,Mattecot,mmattecotlr@wufoo.com,F,Quality Control Specialist,mmattecotlr,Persian
784,Elisabetta,Scanlon,escanlonls@sogou.com,F,Marketing Assistant,escanlonls,Dari
786,Harmonia,Brandoni,hbrandonilu@pinterest.com,F,Recruiting Manager,hbrandonilu,Sotho
791,Beverly,Hallsworth,bhallsworthlz@adobe.com,F,Web Designer II,bhallsworthlz,Amharic
792,Karalee,Haggleton,khaggletonm0@rakuten.co.jp,F,Senior Editor,khaggletonm0,Swedish
794,Christabella,Sidnall,csidnallm2@squarespace.com,F,Social Worker,csidnallm2,Kazakh
796,Stoddard,Valintine,svalintinem4@globo.com,F,Software Test Engineer IV,svalintinem4,Fijian
797,Marissa,Toping,mtopingm5@thetimes.co.uk,F,General Manager,mtopingm5,Swahili
798,Selle,Blazhevich,sblazhevichm6@weather.com,F,Associate Professor,sblazhevichm6,Arabic
799,Dido,Bett,dbettm7@deliciousdays.com,F,Clinical Specialist,dbettm7,Filipino
800,Ginnifer,Corsor,gcorsorm8@google.com.au,F,Mechanical Systems Engineer,gcorsorm8,English
802,Carilyn,Rego,cregoma@unesco.org,F,Research Assistant I,cregoma,Filipino
803,Ashely,Shevill,ashevillmb@smugmug.com,F,Software Engineer I,ashevillmb,Romanian
805,Glory,Gawith,ggawithmd@economist.com,F,Director of Sales,ggawithmd,Dzongkha
806,Tanitansy,Danilchik,tdanilchikme@wordpress.org,F,VP Sales,tdanilchikme,Aymara
807,Tamma,Hinge,thingemf@godaddy.com,F,Accountant II,thingemf,Punjabi
811,Jorie,Jaray,jjaraymj@fc2.com,F,Database Administrator II,jjaraymj,Bosnian
812,Shawn,Aubert,saubertmk@cyberchimps.com,F,Financial Analyst,saubertmk,Bengali
814,Jamima,Barkshire,jbarkshiremm@hibu.com,F,General Manager,jbarkshiremm,Malayalam
815,Julissa,Tonkin,jtonkinmn@cbc.ca,F,Associate Professor,jtonkinmn,Bulgarian
817,Roxana,Tolmie,rtolmiemp@webmd.com,F,Sales Associate,rtolmiemp,Tsonga
818,Ashly,Ferrige,aferrigemq@hostgator.com,F,Help Desk Technician,aferrigemq,West Frisian
819,Ardene,Summerlee,asummerleemr@dmoz.org,F,Software Test Engineer II,asummerleemr,Croatian
820,Willetta,Coggins,wcogginsms@ftc.gov,F,Analog Circuit Design manager,wcogginsms,Hungarian
823,Kathy,Scamwell,kscamwellmv@loc.gov,F,Software Consultant,kscamwellmv,Bosnian
829,Kasey,Peealess,kpeealessn1@google.nl,F,Civil Engineer,kpeealessn1,Tajik
832,Lorinda,Friedenbach,lfriedenbachn4@goo.ne.jp,F,Recruiter,lfriedenbachn4,Guaraní
833,Mozelle,Melhuish,mmelhuishn5@booking.com,F,Programmer II,mmelhuishn5,Fijian
836,Hephzibah,Barson,hbarsonn8@macromedia.com,F,Sales Representative,hbarsonn8,Czech
839,Fran,Haswell,fhaswellnb@economist.com,F,Nuclear Power Engineer,fhaswellnb,Montenegrin
840,Florentia,Elsom,felsomnc@is.gd,F,VP Sales,felsomnc,Albanian
841,Josie,Phettis,jphettisnd@jalbum.net,F,Project Manager,jphettisnd,Tswana
844,Roze,Rispen,rrispenng@google.cn,F,VP Product Management,rrispenng,Lithuanian
845,Janis,Yosevitz,jyosevitznh@meetup.com,F,Budget/Accounting Analyst III,jyosevitznh,Polish
846,Drucill,McGarrie,dmcgarrieni@webnode.com,F,Registered Nurse,dmcgarrieni,Hindi
848,Maude,Feaveryear,mfeaveryearnk@fotki.com,F,Librarian,mfeaveryearnk,Punjabi
850,Dari,Newbury,dnewburynm@goo.gl,F,Sales Associate,dnewburynm,Arabic
851,Adoree,Sergent,asergentnn@nymag.com,F,Registered Nurse,asergentnn,Hiri Motu
852,Aurore,Cornilleau,acornilleauno@cnet.com,F,Recruiter,acornilleauno,Khmer
857,Mallissa,Grove,mgrovent@blogtalkradio.com,F,Assistant Media Planner,mgrovent,Armenian
858,Kacy,Membry,kmembrynu@paypal.com,F,Administrative Assistant I,kmembrynu,Hungarian
860,Dedie,Rozenzweig,drozenzweignw@geocities.jp,F,Programmer Analyst III,drozenzweignw,Lithuanian
861,Dosi,Gooderidge,dgooderidgenx@tiny.cc,F,Account Representative III,dgooderidgenx,French
862,Giana,Gilbane,ggilbaneny@shareasale.com,F,Senior Sales Associate,ggilbaneny,Luxembourgish
867,Melania,Shipsey,mshipseyo3@eepurl.com,F,Registered Nurse,mshipseyo3,Somali
868,Adela,Ivanikhin,aivanikhino4@kickstarter.com,F,Dental Hygienist,aivanikhino4,Dari
869,Carina,Franciotti,cfranciottio5@newyorker.com,F,Compensation Analyst,cfranciottio5,Māori
870,Claudelle,Labrum,clabrumo6@apple.com,F,Database Administrator IV,clabrumo6,Czech
871,Lauraine,Orrick,lorricko7@mtv.com,F,Financial Advisor,lorricko7,Hungarian
873,Chickie,Ugo,cugoo9@spotify.com,F,Mechanical Systems Engineer,cugoo9,French
874,Fernandina,Rumbelow,frumbelowoa@xing.com,F,Structural Engineer,frumbelowoa,Hebrew
879,Myrta,Kidder,mkidderof@theatlantic.com,F,Speech Pathologist,mkidderof,Dzongkha
880,Casi,Sprowell,csprowellog@canalblog.com,F,Graphic Designer,csprowellog,Burmese
881,Kristen,Purvey,kpurveyoh@fda.gov,F,Human Resources Assistant II,kpurveyoh,Persian
883,Lynelle,Klempke,lklempkeoj@newyorker.com,F,Structural Analysis Engineer,lklempkeoj,Moldovan
884,Augustina,Bickerdicke,abickerdickeok@disqus.com,F,Tax Accountant,abickerdickeok,Malagasy
888,Melisandra,Lenormand,mlenormandoo@mail.ru,F,Operator,mlenormandoo,Persian
889,Cornelia,Chastaing,cchastaingop@biglobe.ne.jp,F,Cost Accountant,cchastaingop,Korean
891,Bianca,Endrizzi,bendrizzior@who.int,F,Systems Administrator III,bendrizzior,Hungarian
893,Dee,Mitrovic,dmitrovicot@posterous.com,F,Assistant Media Planner,dmitrovicot,Bulgarian
894,Paige,MacDermot,pmacdermotou@marriott.com,F,Graphic Designer,pmacdermotou,Tok Pisin
898,Gerladina,Soldan,gsoldanoy@bbb.org,F,Nurse Practicioner,gsoldanoy,Quechua
902,Fred,Vertey,fverteyp2@fastcompany.com,F,Data Coordiator,fverteyp2,Swedish
907,Vania,MacAllaster,vmacallasterp7@bluehost.com,F,Financial Analyst,vmacallasterp7,Burmese
908,Bobbye,Moyse,bmoysep8@mail.ru,F,Sales Representative,bmoysep8,Marathi
910,Celestine,Oliva,colivapa@youtube.com,F,VP Accounting,colivapa,Guaraní
913,Mariska,Leeburne,mleeburnepd@discovery.com,F,Web Developer IV,mleeburnepd,Danish
914,Daron,Phette,dphettepe@tumblr.com,F,Clinical Specialist,dphettepe,Dhivehi
915,Fay,Melson,fmelsonpf@rakuten.co.jp,F,Registered Nurse,fmelsonpf,Haitian Creole
916,Ingaborg,Laherty,ilahertypg@mapquest.com,F,Nurse Practicioner,ilahertypg,Amharic
917,Kinna,Molloy,kmolloyph@dedecms.com,F,Geological Engineer,kmolloyph,Oriya
919,Shae,Gillebert,sgillebertpj@nymag.com,F,Assistant Professor,sgillebertpj,Japanese
920,Arlee,Ollerhead,aollerheadpk@columbia.edu,F,VP Quality Control,aollerheadpk,Malagasy
922,Marne,Sydney,msydneypm@ihg.com,F,Account Executive,msydneypm,Czech
923,Jami,Jewise,jjewisepn@umn.edu,F,Chief Design Engineer,jjewisepn,Japanese
924,Bekki,Palke,bpalkepo@squarespace.com,F,Clinical Specialist,bpalkepo,Chinese
925,Harmony,Hindhaugh,hhindhaughpp@topsy.com,F,Sales Representative,hhindhaughpp,Kyrgyz
934,Phoebe,Somers,psomerspy@unicef.org,F,Developer III,psomerspy,Māori
935,Cathrine,Whanstall,cwhanstallpz@barnesandnoble.com,F,Marketing Assistant,cwhanstallpz,Bosnian
936,Karmen,Walliker,kwallikerq0@time.com,F,Compensation Analyst,kwallikerq0,Tok Pisin
938,Analiese,MacManus,amacmanusq2@unblog.fr,F,Structural Engineer,amacmanusq2,Marathi
939,Margarethe,Talby,mtalbyq3@goo.ne.jp,F,Research Associate,mtalbyq3,Maltese
940,Estrellita,Blowing,eblowingq4@histats.com,F,Safety Technician IV,eblowingq4,Croatian
941,Sophie,Fawbert,sfawbertq5@pen.io,F,Senior Financial Analyst,sfawbertq5,Montenegrin
942,Letty,Pavie,lpavieq6@nasa.gov,F,Payment Adjustment Coordinator,lpavieq6,Georgian
943,Catherine,Thay,cthayq7@flickr.com,F,Editor,cthayq7,Azeri
946,Christi,Caso,ccasoqa@google.pl,F,Account Coordinator,ccasoqa,Greek
949,Cybil,Marks,cmarksqd@washington.edu,F,Account Executive,cmarksqd,Northern Sotho
950,Keelia,Tear,ktearqe@storify.com,F,Chief Design Engineer,ktearqe,Assamese
951,Carleen,Komorowski,ckomorowskiqf@jimdo.com,F,Legal Assistant,ckomorowskiqf,Tswana
952,Kelsy,Flint,kflintqg@bbb.org,F,Internal Auditor,kflintqg,New Zealand Sign Language
954,Colleen,Judgkins,cjudgkinsqi@cnn.com,F,Associate Professor,cjudgkinsqi,Czech
955,Evangelia,Spavins,espavinsqj@tripod.com,F,Research Nurse,espavinsqj,Fijian
957,Rosabel,Andriss,randrissql@abc.net.au,F,Human Resources Manager,randrissql,Kurdish
958,Robin,Tolliday,rtollidayqm@google.de,F,Recruiter,rtollidayqm,Oriya
960,Koressa,Trays,ktraysqo@macromedia.com,F,Accounting Assistant IV,ktraysqo,Hebrew
961,Shelbi,Mattioli,smattioliqp@dell.com,F,Electrical Engineer,smattioliqp,Filipino
962,Tarra,Tenny,ttennyqq@networkadvertising.org,F,Statistician III,ttennyqq,Macedonian
965,Amanda,Blaasch,ablaaschqt@yahoo.co.jp,F,Research Nurse,ablaaschqt,New Zealand Sign Language
966,Drusi,Daniellot,ddaniellotqu@theatlantic.com,F,Design Engineer,ddaniellotqu,Azeri
969,Ailina,Tarver,atarverqx@state.tx.us,F,Occupational Therapist,atarverqx,New Zealand Sign Language
970,Sib,Jennrich,sjennrichqy@nps.gov,F,Account Coordinator,sjennrichqy,Yiddish
971,Adina,MacBain,amacbainqz@chron.com,F,Senior Editor,amacbainqz,Tswana
972,Patrica,Dilston,pdilstonr0@e-recht24.de,F,Clinical Specialist,pdilstonr0,Malay
973,Nonah,Garstang,ngarstangr1@japanpost.jp,F,Registered Nurse,ngarstangr1,Italian
974,Libbie,Traynor,ltraynorr2@go.com,F,Design Engineer,ltraynorr2,Filipino
975,Veronike,Birwhistle,vbirwhistler3@paginegialle.it,F,Help Desk Technician,vbirwhistler3,Afrikaans
977,Rakel,Mumm,rmummr5@thetimes.co.uk,F,Help Desk Technician,rmummr5,Afrikaans
978,Gavra,L'Amie,glamier6@geocities.com,F,Data Coordiator,glamier6,Kurdish
984,Kiele,Ridoutt,kridouttrc@cnet.com,F,Accountant I,kridouttrc,Tetum
985,Kelli,Undrill,kundrillrd@odnoklassniki.ru,F,Civil Engineer,kundrillrd,Swahili
990,Faydra,Glasard,fglasardri@oaic.gov.au,F,Internal Auditor,fglasardri,Swahili
993,Krista,Kerslake,kkerslakerl@geocities.com,F,Quality Control Specialist,kkerslakerl,Azeri
994,Concordia,Hansana,chansanarm@vistaprint.com,F,Administrative Assistant II,chansanarm,Tok Pisin
995,Briny,Tresvina,btresvinarn@webnode.com,F,Operator,btresvinarn,Estonian
997,Lilyan,Lorkin,llorkinrp@tinyurl.com,F,Professor,llorkinrp,Portuguese
999,Julia,Koppes,jkoppesrr@list-manage.com,F,Assistant Professor,jkoppesrr,Arabic
